film_id,title,release_year,rental_duration,rental_rate,length,replacement_cost,rating,category
1,"ACADEMY DINOSAUR",2006,6,0.99,86,20.99,PG,Documentary
2,"ACE GOLDFINGER",2006,3,4.99,48,12.99,G,Horror
3,"ADAPTATION HOLES",2006,7,2.99,50,18.99,NC-17,Documentary
4,"AFFAIR PREJUDICE",2006,5,2.99,117,26.99,G,Horror
5,"AFRICAN EGG",2006,6,2.99,130,22.99,G,Family
6,"AGENT TRUMAN",2006,3,2.99,169,17.99,PG,Foreign
7,"AIRPLANE SIERRA",2006,6,4.99,62,28.99,PG-13,Comedy
8,"AIRPORT POLLOCK",2006,6,4.99,54,15.99,R,Horror
9,"ALABAMA DEVIL",2006,3,2.99,114,21.99,PG-13,Horror
10,"ALADDIN CALENDAR",2006,6,4.99,63,24.99,NC-17,Sports
11,"ALAMO VIDEOTAPE",2006,6,0.99,126,16.99,G,Foreign
12,"ALASKA PHANTOM",2006,6,0.99,136,22.99,PG,Music
13,"ALI FOREVER",2006,4,4.99,150,21.99,PG,Horror
14,"ALICE FANTASIA",2006,6,0.99,94,23.99,NC-17,Classics
15,"ALIEN CENTER",2006,5,2.99,46,10.99,NC-17,Foreign
16,"ALLEY EVOLUTION",2006,6,2.99,180,23.99,NC-17,Foreign
17,"ALONE TRIP",2006,3,0.99,82,14.99,R,Music
18,"ALTER VICTORY",2006,6,0.99,57,27.99,PG-13,Animation
19,"AMADEUS HOLY",2006,6,0.99,113,20.99,PG,Action
20,"AMELIE HELLFIGHTERS",2006,4,4.99,79,23.99,R,Music
21,"AMERICAN CIRCUS",2006,3,4.99,129,17.99,R,Action
22,"AMISTAD MIDSUMMER",2006,6,2.99,85,10.99,G,New
23,"ANACONDA CONFESSIONS",2006,3,0.99,92,9.99,R,Animation
24,"ANALYZE HOOSIERS",2006,6,2.99,181,19.99,R,Horror
25,"ANGELS LIFE",2006,3,2.99,74,15.99,G,New
26,"ANNIE IDENTITY",2006,3,0.99,86,15.99,G,Sci-Fi
27,"ANONYMOUS HUMAN",2006,7,0.99,179,12.99,NC-17,Sports
28,"ANTHEM LUKE",2006,5,4.99,91,16.99,PG-13,Comedy
29,"ANTITRUST TOMATOES",2006,5,2.99,168,11.99,NC-17,Action
30,"ANYTHING SAVANNAH",2006,4,2.99,82,27.99,R,Horror
31,"APACHE DIVINE",2006,5,4.99,92,16.99,NC-17,Family
32,"APOCALYPSE FLAMINGOS",2006,6,4.99,119,11.99,R,New
33,"APOLLO TEEN",2006,5,2.99,153,15.99,PG-13,Drama
34,"ARABIA DOGMA",2006,6,0.99,62,29.99,NC-17,Horror
35,"ARACHNOPHOBIA ROLLERCOASTER",2006,4,2.99,147,24.99,PG-13,Horror
36,"ARGONAUTS TOWN",2006,7,0.99,127,12.99,PG-13,Animation
37,"ARIZONA BANG",2006,3,2.99,121,28.99,PG,Classics
38,"ARK RIDGEMONT",2006,6,0.99,68,25.99,NC-17,Action
39,"ARMAGEDDON LOST",2006,5,0.99,99,10.99,G,Sci-Fi
40,"ARMY FLINTSTONES",2006,4,0.99,148,22.99,R,Documentary
41,"ARSENIC INDEPENDENCE",2006,4,0.99,137,17.99,PG,Travel
42,"ARTIST COLDBLOODED",2006,5,2.99,170,10.99,NC-17,Sports
43,"ATLANTIS CAUSE",2006,6,2.99,170,15.99,G,Family
44,"ATTACKS HATE",2006,5,4.99,113,21.99,PG-13,Sci-Fi
45,"ATTRACTION NEWTON",2006,5,4.99,83,14.99,PG-13,New
46,"AUTUMN CROW",2006,3,4.99,108,13.99,G,Games
47,"BABY HALL",2006,5,4.99,153,23.99,NC-17,Foreign
48,"BACKLASH UNDEFEATED",2006,3,4.99,118,24.99,PG-13,Children
49,"BADMAN DAWN",2006,6,2.99,162,22.99,R,Sci-Fi
50,"BAKED CLEOPATRA",2006,3,2.99,182,20.99,G,Family
51,"BALLOON HOMEWARD",2006,5,2.99,75,10.99,NC-17,Music
52,"BALLROOM MOCKINGBIRD",2006,6,0.99,173,29.99,G,Foreign
53,"BANG KWAI",2006,5,2.99,87,25.99,NC-17,Family
54,"BANGER PINOCCHIO",2006,5,0.99,113,15.99,R,Music
55,"BARBARELLA STREETCAR",2006,6,2.99,65,27.99,G,Sci-Fi
56,"BAREFOOT MANCHURIAN",2006,6,2.99,129,15.99,G,Action
57,"BASIC EASY",2006,4,2.99,90,18.99,PG-13,Travel
58,"BEACH HEARTBREAKERS",2006,6,2.99,122,16.99,G,Documentary
59,"BEAR GRACELAND",2006,4,2.99,160,20.99,R,Children
60,"BEAST HUNCHBACK",2006,3,4.99,89,22.99,R,Classics
61,"BEAUTY GREASE",2006,5,4.99,175,28.99,G,Drama
62,"BED HIGHBALL",2006,5,2.99,106,23.99,NC-17,Documentary
63,"BEDAZZLED MARRIED",2006,6,0.99,73,21.99,PG,Family
64,"BEETHOVEN EXORCIST",2006,6,0.99,151,26.99,PG-13,Drama
65,"BEHAVIOR RUNAWAY",2006,3,4.99,100,20.99,PG,Horror
66,"BENEATH RUSH",2006,6,0.99,53,27.99,NC-17,Children
67,"BERETS AGENT",2006,5,2.99,77,24.99,PG-13,Action
68,"BETRAYED REAR",2006,5,4.99,122,26.99,NC-17,Children
69,"BEVERLY OUTLAW",2006,3,2.99,85,21.99,R,Sci-Fi
70,"BIKINI BORROWERS",2006,7,4.99,142,26.99,NC-17,Animation
71,"BILKO ANONYMOUS",2006,3,4.99,100,25.99,PG-13,Family
72,"BILL OTHERS",2006,6,2.99,93,12.99,PG,Documentary
73,"BINGO TALENTED",2006,5,2.99,150,22.99,PG-13,Sci-Fi
74,"BIRCH ANTITRUST",2006,4,4.99,162,18.99,PG,Music
75,"BIRD INDEPENDENCE",2006,6,4.99,163,14.99,G,Travel
76,"BIRDCAGE CASPER",2006,4,0.99,103,23.99,NC-17,Music
77,"BIRDS PERDITION",2006,5,4.99,61,15.99,G,New
78,"BLACKOUT PRIVATE",2006,7,2.99,85,12.99,PG,Animation
79,"BLADE POLISH",2006,5,0.99,114,10.99,PG-13,Drama
80,"BLANKET BEVERLY",2006,7,2.99,148,21.99,G,Family
81,"BLINDNESS GUN",2006,6,4.99,103,29.99,PG-13,Sci-Fi
82,"BLOOD ARGONAUTS",2006,3,0.99,71,13.99,G,Family
83,"BLUES INSTINCT",2006,5,2.99,50,18.99,G,Family
84,"BOILED DARES",2006,7,4.99,102,13.99,PG,Travel
85,"BONNIE HOLOCAUST",2006,4,0.99,63,29.99,G,Documentary
86,"BOOGIE AMELIE",2006,6,4.99,121,11.99,R,Music
87,"BOONDOCK BALLROOM",2006,7,0.99,76,14.99,NC-17,Travel
88,"BORN SPINAL",2006,7,4.99,179,17.99,PG,Travel
89,"BORROWERS BEDAZZLED",2006,7,0.99,63,22.99,G,Animation
90,"BOULEVARD MOB",2006,3,0.99,63,11.99,R,New
91,"BOUND CHEAPER",2006,5,0.99,98,17.99,PG,Classics
92,"BOWFINGER GABLES",2006,7,4.99,72,19.99,NC-17,Horror
93,"BRANNIGAN SUNRISE",2006,4,4.99,121,27.99,PG,New
94,"BRAVEHEART HUMAN",2006,7,2.99,176,14.99,PG-13,Family
95,"BREAKFAST GOLDFINGER",2006,5,4.99,123,18.99,G,New
96,"BREAKING HOME",2006,4,2.99,169,21.99,PG-13,New
97,"BRIDE INTRIGUE",2006,7,0.99,56,24.99,G,Action
98,"BRIGHT ENCOUNTERS",2006,4,4.99,73,12.99,PG-13,Drama
99,"BRINGING HYSTERICAL",2006,7,2.99,136,14.99,PG,Comedy
100,"BROOKLYN DESERT",2006,7,4.99,161,21.99,R,Foreign
101,"BROTHERHOOD BLANKET",2006,3,0.99,73,26.99,R,Documentary
102,"BUBBLE GROSSE",2006,4,4.99,60,20.99,R,Sports
103,"BUCKET BROTHERHOOD",2006,7,4.99,133,27.99,PG,Travel
104,"BUGSY SONG",2006,4,2.99,119,17.99,G,Foreign
105,"BULL SHAWSHANK",2006,6,0.99,125,21.99,NC-17,Action
106,"BULWORTH COMMANDMENTS",2006,4,2.99,61,14.99,G,Games
107,"BUNCH MINDS",2006,4,2.99,63,13.99,G,Drama
108,"BUTCH PANTHER",2006,6,0.99,67,19.99,PG-13,New
109,"BUTTERFLY CHOCOLAT",2006,3,0.99,89,17.99,G,New
110,"CABIN FLASH",2006,4,0.99,53,25.99,NC-17,Children
111,"CADDYSHACK JEDI",2006,3,0.99,52,17.99,NC-17,Action
112,"CALENDAR GUNFIGHT",2006,4,4.99,120,22.99,NC-17,Foreign
113,"CALIFORNIA BIRDS",2006,4,4.99,75,19.99,NC-17,Sports
114,"CAMELOT VACATION",2006,3,0.99,61,26.99,NC-17,Sci-Fi
115,"CAMPUS REMEMBER",2006,5,2.99,167,27.99,R,Action
116,"CANDIDATE PERDITION",2006,4,2.99,70,10.99,R,Classics
117,"CANDLES GRAPES",2006,6,4.99,135,15.99,NC-17,Games
118,"CANYON STOCK",2006,7,0.99,85,26.99,R,Animation
119,"CAPER MOTIONS",2006,6,0.99,176,22.99,G,Comedy
120,"CARIBBEAN LIBERTY",2006,3,4.99,92,16.99,NC-17,Sports
121,"CAROL TEXAS",2006,4,2.99,151,15.99,PG,Animation
122,"CARRIE BUNCH",2006,7,0.99,114,11.99,PG,Horror
123,"CASABLANCA SUPER",2006,6,4.99,85,22.99,G,Travel
124,"CASPER DRAGONFLY",2006,3,4.99,163,16.99,PG-13,Children
125,"CASSIDY WYOMING",2006,5,2.99,61,19.99,NC-17,Travel
126,"CASUALTIES ENCINO",2006,3,4.99,179,16.99,G,Action
127,"CAT CONEHEADS",2006,5,4.99,112,14.99,G,Comedy
128,"CATCH AMISTAD",2006,7,0.99,183,10.99,G,Foreign
129,"CAUSE DATE",2006,3,2.99,179,16.99,R,Documentary
130,"CELEBRITY HORN",2006,7,0.99,110,24.99,PG-13,Action
131,"CENTER DINOSAUR",2006,5,4.99,152,12.99,PG,Classics
132,"CHAINSAW UPTOWN",2006,6,0.99,114,25.99,PG,Sci-Fi
133,"CHAMBER ITALIAN",2006,7,4.99,117,14.99,NC-17,Music
134,"CHAMPION FLATLINERS",2006,4,4.99,51,21.99,PG,Animation
135,"CHANCE RESURRECTION",2006,3,2.99,70,22.99,R,Sports
136,"CHAPLIN LICENSE",2006,7,2.99,146,26.99,NC-17,New
137,"CHARADE DUFFEL",2006,3,2.99,66,21.99,PG,Sci-Fi
138,"CHARIOTS CONSPIRACY",2006,5,2.99,71,29.99,R,Sci-Fi
139,"CHASING FIGHT",2006,7,4.99,114,21.99,PG,Family
140,"CHEAPER CLYDE",2006,6,0.99,87,23.99,G,Sci-Fi
141,"CHICAGO NORTH",2006,6,4.99,185,11.99,PG-13,Games
142,"CHICKEN HELLFIGHTERS",2006,3,0.99,122,24.99,PG,Documentary
143,"CHILL LUCK",2006,6,0.99,142,17.99,PG,Drama
144,"CHINATOWN GLADIATOR",2006,7,4.99,61,24.99,PG,New
145,"CHISUM BEHAVIOR",2006,5,4.99,124,25.99,G,Family
146,"CHITTY LOCK",2006,6,2.99,107,24.99,G,Drama
147,"CHOCOLAT HARRY",2006,5,0.99,101,16.99,NC-17,Family
148,"CHOCOLATE DUCK",2006,3,2.99,132,13.99,R,Foreign
149,"CHRISTMAS MOONSHINE",2006,7,0.99,150,21.99,NC-17,Children
150,"CIDER DESIRE",2006,7,2.99,101,9.99,PG,Documentary
151,"CINCINATTI WHISPERER",2006,5,4.99,143,26.99,NC-17,Sci-Fi
152,"CIRCUS YOUTH",2006,5,2.99,90,13.99,PG-13,Children
153,"CITIZEN SHREK",2006,7,0.99,165,18.99,G,Sci-Fi
154,"CLASH FREDDY",2006,6,2.99,81,12.99,G,Animation
155,"CLEOPATRA DEVIL",2006,6,0.99,150,26.99,PG-13,New
156,"CLERKS ANGELS",2006,3,4.99,164,15.99,G,Documentary
157,"CLOCKWORK PARADISE",2006,7,0.99,143,29.99,PG-13,Children
158,"CLONES PINOCCHIO",2006,6,2.99,124,16.99,R,Music
159,"CLOSER BANG",2006,5,4.99,58,12.99,R,Comedy
160,"CLUB GRAFFITI",2006,4,0.99,65,12.99,PG-13,Animation
161,"CLUE GRAIL",2006,6,4.99,70,27.99,NC-17,Music
162,"CLUELESS BUCKET",2006,4,2.99,95,13.99,R,Action
163,"CLYDE THEORY",2006,4,0.99,139,29.99,PG-13,New
164,"COAST RAINBOW",2006,4,0.99,55,20.99,PG,Documentary
165,"COLDBLOODED DARLING",2006,7,4.99,70,27.99,G,Sci-Fi
166,"COLOR PHILADELPHIA",2006,6,2.99,149,19.99,G,Classics
167,"COMA HEAD",2006,6,4.99,109,10.99,NC-17,Travel
168,"COMANCHEROS ENEMY",2006,5,0.99,67,23.99,R,Children
169,"COMFORTS RUSH",2006,3,2.99,76,19.99,NC-17,Travel
170,"COMMAND DARLING",2006,5,4.99,120,28.99,PG-13,Foreign
171,"COMMANDMENTS EXPRESS",2006,6,4.99,59,13.99,R,Horror
172,"CONEHEADS SMOOCHY",2006,7,4.99,112,12.99,NC-17,Drama
173,"CONFESSIONS MAGUIRE",2006,7,4.99,65,25.99,PG-13,Drama
174,"CONFIDENTIAL INTERVIEW",2006,6,4.99,180,13.99,NC-17,Music
175,"CONFUSED CANDLES",2006,3,2.99,122,27.99,PG-13,Family
176,"CONGENIALITY QUEST",2006,6,0.99,87,21.99,PG-13,Sports
177,"CONNECTICUT TRAMP",2006,4,4.99,172,20.99,R,Sci-Fi
178,"CONNECTION MICROCOSMOS",2006,6,0.99,115,25.99,G,Comedy
179,"CONQUERER NUTS",2006,4,4.99,173,14.99,G,Drama
180,"CONSPIRACY SPIRIT",2006,4,2.99,184,27.99,PG-13,Classics
181,"CONTACT ANONYMOUS",2006,7,2.99,166,10.99,PG-13,Travel
182,"CONTROL ANTHEM",2006,7,4.99,185,9.99,G,Comedy
183,"CONVERSATION DOWNHILL",2006,4,4.99,112,14.99,R,Family
184,"CORE SUIT",2006,3,2.99,92,24.99,PG-13,Classics
185,"COWBOY DOOM",2006,3,2.99,146,10.99,PG,Foreign
186,"CRAFT OUTFIELD",2006,6,0.99,64,17.99,NC-17,Drama
187,"CRANES RESERVOIR",2006,5,2.99,57,12.99,NC-17,Sports
188,"CRAZY HOME",2006,7,2.99,136,24.99,PG,Comedy
189,"CREATURES SHAKESPEARE",2006,3,0.99,139,23.99,NC-17,Games
190,"CREEPERS KANE",2006,5,4.99,172,23.99,NC-17,Classics
191,"CROOKED FROGMEN",2006,6,0.99,143,27.99,PG-13,Children
192,"CROSSING DIVORCE",2006,4,4.99,50,19.99,R,Foreign
193,"CROSSROADS CASUALTIES",2006,5,2.99,153,20.99,G,Animation
194,"CROW GREASE",2006,6,0.99,104,22.99,PG,Action
195,"CROWDS TELEMARK",2006,3,4.99,112,16.99,R,Sci-Fi
196,"CRUELTY UNFORGIVEN",2006,7,0.99,69,29.99,G,Classics
197,"CRUSADE HONEY",2006,4,2.99,112,27.99,R,Sports
198,"CRYSTAL BREAKING",2006,6,2.99,184,22.99,NC-17,Foreign
199,"CUPBOARD SINNERS",2006,4,2.99,56,29.99,R,Documentary
200,"CURTAIN VIDEOTAPE",2006,7,0.99,133,27.99,PG-13,Games
201,"CYCLONE FAMILY",2006,7,2.99,176,18.99,PG,Foreign
202,"DADDY PITTSBURGH",2006,5,4.99,161,26.99,G,Comedy
203,"DAISY MENAGERIE",2006,5,4.99,84,9.99,G,Sci-Fi
204,"DALMATIONS SWEDEN",2006,4,0.99,106,25.99,PG,Drama
205,"DANCES NONE",2006,3,0.99,58,22.99,NC-17,Action
206,"DANCING FEVER",2006,6,0.99,144,25.99,G,Documentary
207,"DANGEROUS UPTOWN",2006,7,4.99,121,26.99,PG,Foreign
208,"DARES PLUTO",2006,7,2.99,89,16.99,PG-13,Animation
209,"DARKNESS WAR",2006,6,2.99,99,24.99,NC-17,Drama
210,"DARKO DORADO",2006,3,4.99,130,13.99,NC-17,Action
211,"DARLING BREAKING",2006,7,4.99,165,20.99,PG-13,Games
212,"DARN FORRESTER",2006,7,4.99,185,14.99,G,Action
213,"DATE SPEED",2006,4,0.99,104,19.99,R,Family
214,"DAUGHTER MADIGAN",2006,3,4.99,59,13.99,PG-13,Children
215,"DAWN POND",2006,4,4.99,57,27.99,PG,Games
216,"DAY UNFAITHFUL",2006,3,4.99,113,16.99,G,New
217,"DAZED PUNK",2006,6,4.99,120,20.99,G,Games
218,"DECEIVER BETRAYED",2006,7,0.99,122,22.99,NC-17,Drama
219,"DEEP CRUSADE",2006,6,4.99,51,20.99,PG-13,Documentary
220,"DEER VIRGINIAN",2006,7,2.99,106,13.99,NC-17,Music
221,"DELIVERANCE MULHOLLAND",2006,4,0.99,100,9.99,R,Documentary
222,"DESERT POSEIDON",2006,4,4.99,64,27.99,R,Horror
223,"DESIRE ALIEN",2006,7,2.99,76,24.99,NC-17,Animation
224,"DESPERATE TRAINSPOTTING",2006,7,4.99,81,29.99,G,Travel
225,"DESTINATION JERK",2006,3,0.99,76,19.99,PG-13,Drama
226,"DESTINY SATURDAY",2006,4,4.99,56,20.99,G,New
227,"DETAILS PACKER",2006,4,4.99,88,17.99,R,Games
228,"DETECTIVE VISION",2006,4,0.99,143,16.99,PG-13,Classics
229,"DEVIL DESIRE",2006,6,4.99,87,12.99,R,Action
230,"DIARY PANIC",2006,7,2.99,107,20.99,G,Drama
231,"DINOSAUR SECRETARY",2006,7,2.99,63,27.99,R,Family
232,"DIRTY ACE",2006,7,2.99,147,29.99,NC-17,Games
233,"DISCIPLE MOTHER",2006,3,0.99,141,17.99,PG,Travel
234,"DISTURBING SCARFACE",2006,6,2.99,94,27.99,R,Sci-Fi
235,"DIVIDE MONSTER",2006,6,2.99,68,13.99,PG-13,Sci-Fi
236,"DIVINE RESURRECTION",2006,4,2.99,100,19.99,R,Games
237,"DIVORCE SHINING",2006,3,2.99,47,21.99,G,Sports
238,"DOCTOR GRAIL",2006,4,2.99,57,29.99,G,Children
239,"DOGMA FAMILY",2006,5,4.99,122,16.99,G,Animation
240,"DOLLS RAGE",2006,7,2.99,120,10.99,PG-13,Sci-Fi
241,"DONNIE ALLEY",2006,4,0.99,125,20.99,NC-17,Animation
242,"DOOM DANCING",2006,4,0.99,68,13.99,R,Comedy
243,"DOORS PRESIDENT",2006,3,4.99,49,22.99,NC-17,Animation
244,"DORADO NOTTING",2006,5,4.99,139,26.99,NC-17,Music
245,"DOUBLE WRATH",2006,4,0.99,177,28.99,R,Animation
246,"DOUBTFIRE LABYRINTH",2006,5,4.99,154,16.99,R,Foreign
247,"DOWNHILL ENOUGH",2006,3,0.99,47,19.99,G,Comedy
248,"DOZEN LION",2006,6,4.99,177,20.99,NC-17,Documentary
249,"DRACULA CRYSTAL",2006,7,0.99,176,26.99,G,Classics
250,"DRAGON SQUAD",2006,4,0.99,170,26.99,NC-17,Action
251,"DRAGONFLY STRANGERS",2006,6,4.99,133,19.99,NC-17,New
252,"DREAM PICKUP",2006,6,2.99,135,18.99,PG,Action
253,"DRIFTER COMMANDMENTS",2006,5,4.99,61,18.99,PG-13,Action
254,"DRIVER ANNIE",2006,4,2.99,159,11.99,PG-13,Sports
255,"DRIVING POLISH",2006,6,4.99,175,21.99,NC-17,Music
256,"DROP WATERFRONT",2006,6,4.99,178,20.99,R,Sports
257,"DRUMLINE CYCLONE",2006,3,0.99,110,14.99,G,Travel
258,"DRUMS DYNAMITE",2006,6,0.99,96,11.99,PG,Horror
259,"DUCK RACER",2006,4,2.99,116,15.99,NC-17,Animation
260,"DUDE BLINDNESS",2006,3,4.99,132,9.99,G,Sports
261,"DUFFEL APOCALYPSE",2006,5,0.99,171,13.99,G,Documentary
262,"DUMBO LUST",2006,5,0.99,119,17.99,NC-17,Family
263,"DURHAM PANKY",2006,6,4.99,154,14.99,R,Sports
264,"DWARFS ALTER",2006,6,2.99,101,13.99,G,Games
265,"DYING MAKER",2006,5,4.99,168,28.99,PG,Comedy
266,"DYNAMITE TARZAN",2006,4,0.99,141,27.99,PG-13,Classics
267,"EAGLES PANKY",2006,4,4.99,140,14.99,NC-17,New
268,"EARLY HOME",2006,6,4.99,96,27.99,NC-17,Animation
269,"EARRING INSTINCT",2006,3,0.99,98,22.99,R,Family
270,"EARTH VISION",2006,7,0.99,85,29.99,NC-17,New
271,"EASY GLADIATOR",2006,5,4.99,148,12.99,G,Action
272,"EDGE KISSING",2006,5,4.99,153,9.99,NC-17,Drama
273,"EFFECT GLADIATOR",2006,6,0.99,107,14.99,PG,Family
274,"EGG IGBY",2006,4,2.99,67,20.99,PG,Documentary
275,"EGYPT TENENBAUMS",2006,3,0.99,85,11.99,PG,Horror
276,"ELEMENT FREDDY",2006,6,4.99,115,28.99,NC-17,Comedy
277,"ELEPHANT TROJAN",2006,4,4.99,126,24.99,PG-13,Horror
278,"ELF MURDER",2006,4,4.99,155,19.99,NC-17,Music
279,"ELIZABETH SHANE",2006,7,4.99,152,11.99,NC-17,Sports
280,"EMPIRE MALKOVICH",2006,7,0.99,177,26.99,G,Children
281,"ENCINO ELF",2006,6,0.99,143,9.99,G,Games
282,"ENCOUNTERS CURTAIN",2006,5,0.99,92,20.99,NC-17,Drama
283,"ENDING CROWDS",2006,6,0.99,85,10.99,NC-17,New
284,"ENEMY ODDS",2006,5,4.99,77,23.99,NC-17,Music
285,"ENGLISH BULWORTH",2006,3,0.99,51,18.99,PG-13,Sci-Fi
286,"ENOUGH RAGING",2006,7,2.99,158,16.99,NC-17,Travel
287,"ENTRAPMENT SATISFACTION",2006,5,0.99,176,19.99,R,Action
288,"ESCAPE METROPOLIS",2006,7,2.99,167,20.99,R,Travel
289,"EVE RESURRECTION",2006,5,4.99,66,25.99,G,New
290,"EVERYONE CRAFT",2006,4,0.99,163,29.99,PG,Foreign
291,"EVOLUTION ALTER",2006,5,0.99,174,10.99,PG-13,Sports
292,"EXCITEMENT EVE",2006,3,0.99,51,20.99,G,Action
293,"EXORCIST STING",2006,6,2.99,167,17.99,G,Sports
294,"EXPECATIONS NATURAL",2006,5,4.99,138,26.99,PG-13,Travel
295,"EXPENDABLE STALLION",2006,3,0.99,97,14.99,PG,Documentary
296,"EXPRESS LONELY",2006,5,2.99,178,23.99,R,Sci-Fi
297,"EXTRAORDINARY CONQUERER",2006,6,2.99,122,29.99,G,Classics
298,"EYES DRIVING",2006,4,2.99,172,13.99,PG-13,Sci-Fi
299,"FACTORY DRAGON",2006,4,0.99,144,9.99,PG-13,Travel
300,"FALCON VOLUME",2006,5,4.99,102,21.99,PG-13,Animation
301,"FAMILY SWEET",2006,4,0.99,155,24.99,R,Horror
302,"FANTASIA PARK",2006,5,2.99,131,29.99,G,Games
303,"FANTASY TROOPERS",2006,6,0.99,58,27.99,PG-13,Action
304,"FARGO GANDHI",2006,3,2.99,130,28.99,G,Children
305,"FATAL HAUNTED",2006,6,2.99,91,24.99,PG,New
306,"FEATHERS METAL",2006,3,0.99,104,12.99,PG-13,Games
307,"FELLOWSHIP AUTUMN",2006,6,4.99,77,9.99,NC-17,Travel
308,"FERRIS MOTHER",2006,3,2.99,142,13.99,PG,Comedy
309,"FEUD FROGMEN",2006,6,0.99,98,29.99,R,Family
310,"FEVER EMPIRE",2006,5,4.99,158,20.99,R,Games
311,"FICTION CHRISTMAS",2006,4,0.99,72,14.99,PG,Foreign
312,"FIDDLER LOST",2006,4,4.99,75,20.99,R,Sci-Fi
313,"FIDELITY DEVIL",2006,5,4.99,118,11.99,G,Horror
314,"FIGHT JAWBREAKER",2006,3,0.99,91,13.99,R,Animation
315,"FINDING ANACONDA",2006,4,0.99,156,10.99,R,Family
316,"FIRE WOLVES",2006,5,4.99,173,18.99,R,Games
317,"FIREBALL PHILADELPHIA",2006,4,0.99,148,25.99,PG,Comedy
318,"FIREHOUSE VIETNAM",2006,7,0.99,103,14.99,G,Action
319,"FISH OPUS",2006,4,2.99,125,22.99,R,Sci-Fi
320,"FLAMINGOS CONNECTICUT",2006,4,4.99,80,28.99,PG-13,New
321,"FLASH WARS",2006,3,4.99,123,21.99,NC-17,New
322,"FLATLINERS KILLER",2006,5,2.99,100,29.99,G,Sports
323,"FLIGHT LIES",2006,7,4.99,179,22.99,R,Sports
324,"FLINTSTONES HAPPINESS",2006,3,4.99,148,11.99,PG-13,Comedy
325,"FLOATS GARDEN",2006,6,2.99,145,29.99,PG-13,Animation
326,"FLYING HOOK",2006,6,2.99,69,18.99,NC-17,Animation
327,"FOOL MOCKINGBIRD",2006,3,4.99,158,24.99,PG,Action
328,"FOREVER CANDIDATE",2006,7,2.99,131,28.99,NC-17,Children
329,"FORREST SONS",2006,4,2.99,63,15.99,R,Action
330,"FORRESTER COMANCHEROS",2006,7,4.99,112,22.99,NC-17,Animation
331,"FORWARD TEMPLE",2006,6,2.99,90,25.99,NC-17,Games
332,"FRANKENSTEIN STRANGER",2006,7,0.99,159,16.99,NC-17,Comedy
333,"FREAKY POCUS",2006,7,2.99,126,16.99,R,Music
334,"FREDDY STORM",2006,6,4.99,65,21.99,NC-17,Horror
335,"FREEDOM CLEOPATRA",2006,5,0.99,133,23.99,PG-13,Comedy
336,"FRENCH HOLIDAY",2006,5,4.99,99,22.99,PG,Documentary
337,"FRIDA SLIPPER",2006,6,2.99,73,11.99,R,Foreign
338,"FRISCO FORREST",2006,6,4.99,51,23.99,PG,Sci-Fi
339,"FROGMEN BREAKING",2006,5,0.99,111,17.99,R,Travel
340,"FRONTIER CABIN",2006,6,4.99,183,14.99,PG-13,New
341,"FROST HEAD",2006,5,0.99,82,13.99,PG,Classics
342,"FUGITIVE MAGUIRE",2006,7,4.99,83,28.99,R,Travel
343,"FULL FLATLINERS",2006,6,2.99,94,14.99,PG,Children
344,"FURY MURDER",2006,3,0.99,178,28.99,PG-13,Children
345,"GABLES METROPOLIS",2006,3,0.99,161,17.99,PG,Family
346,"GALAXY SWEETHEARTS",2006,4,4.99,128,13.99,R,Classics
347,"GAMES BOWFINGER",2006,7,4.99,119,17.99,PG-13,Travel
348,"GANDHI KWAI",2006,7,0.99,86,9.99,PG-13,Family
349,"GANGS PRIDE",2006,4,2.99,185,27.99,PG-13,Animation
350,"GARDEN ISLAND",2006,3,4.99,80,21.99,G,Sci-Fi
351,"GASLIGHT CRUSADE",2006,4,2.99,106,10.99,PG,Horror
352,"GATHERING CALENDAR",2006,4,0.99,176,22.99,PG-13,Games
353,"GENTLEMEN STAGE",2006,6,2.99,125,22.99,NC-17,Foreign
354,"GHOST GROUNDHOG",2006,6,4.99,85,18.99,G,Children
355,"GHOSTBUSTERS ELF",2006,7,0.99,101,18.99,R,Animation
356,"GIANT TROOPERS",2006,5,2.99,102,10.99,R,Children
357,"GILBERT PELICAN",2006,7,0.99,114,13.99,G,Classics
358,"GILMORE BOILED",2006,5,0.99,163,29.99,R,Classics
359,"GLADIATOR WESTWARD",2006,6,4.99,173,20.99,PG,Family
360,"GLASS DYING",2006,4,0.99,103,24.99,G,Action
361,"GLEAMING JAWBREAKER",2006,5,2.99,89,25.99,NC-17,Sports
362,"GLORY TRACY",2006,7,2.99,115,13.99,PG-13,Games
363,"GO PURPLE",2006,3,0.99,54,12.99,R,Music
364,"GODFATHER DIARY",2006,3,2.99,73,14.99,NC-17,New
365,"GOLD RIVER",2006,4,4.99,154,21.99,R,Comedy
366,"GOLDFINGER SENSIBILITY",2006,3,0.99,93,29.99,G,Drama
367,"GOLDMINE TYCOON",2006,6,0.99,153,20.99,R,Sci-Fi
368,"GONE TROUBLE",2006,7,2.99,84,20.99,R,Drama
369,"GOODFELLAS SALUTE",2006,4,4.99,56,22.99,PG,Sci-Fi
370,"GORGEOUS BINGO",2006,4,2.99,108,26.99,R,Children
371,"GOSFORD DONNIE",2006,5,4.99,129,17.99,G,Action
372,"GRACELAND DYNAMITE",2006,5,4.99,140,26.99,R,Sports
373,"GRADUATE LORD",2006,7,2.99,156,14.99,G,Children
374,"GRAFFITI LOVE",2006,3,0.99,117,29.99,PG,Sci-Fi
375,"GRAIL FRANKENSTEIN",2006,4,2.99,85,17.99,NC-17,Action
376,"GRAPES FURY",2006,4,0.99,155,20.99,G,Foreign
377,"GREASE YOUTH",2006,7,0.99,135,20.99,G,Family
378,"GREATEST NORTH",2006,5,2.99,93,24.99,NC-17,Music
379,"GREEDY ROOTS",2006,7,0.99,166,14.99,R,Drama
380,"GREEK EVERYONE",2006,7,2.99,176,11.99,PG,Foreign
381,"GRINCH MASSAGE",2006,7,4.99,150,25.99,R,Games
382,"GRIT CLOCKWORK",2006,3,0.99,137,21.99,PG,Games
383,"GROOVE FICTION",2006,6,0.99,111,13.99,NC-17,Sports
384,"GROSSE WONDERFUL",2006,5,4.99,49,19.99,R,Music
385,"GROUNDHOG UNCUT",2006,6,4.99,139,26.99,PG-13,Comedy
386,"GUMP DATE",2006,3,4.99,53,12.99,NC-17,Travel
387,"GUN BONNIE",2006,7,0.99,100,27.99,G,Games
388,"GUNFIGHT MOON",2006,5,0.99,70,16.99,NC-17,Comedy
389,"GUNFIGHTER MUSSOLINI",2006,3,2.99,127,9.99,PG-13,Sports
390,"GUYS FALCON",2006,4,4.99,84,20.99,R,Sci-Fi
391,"HALF OUTFIELD",2006,6,2.99,146,25.99,PG-13,Family
392,"HALL CASSIDY",2006,5,4.99,51,13.99,NC-17,Children
393,"HALLOWEEN NUTS",2006,6,2.99,47,19.99,PG-13,Documentary
394,"HAMLET WISDOM",2006,7,2.99,146,21.99,R,Sci-Fi
395,"HANDICAP BOONDOCK",2006,4,0.99,108,28.99,R,Action
396,"HANGING DEEP",2006,5,4.99,62,18.99,G,Drama
397,"HANKY OCTOBER",2006,5,2.99,107,26.99,NC-17,Sci-Fi
398,"HANOVER GALAXY",2006,5,4.99,47,21.99,NC-17,Music
399,"HAPPINESS UNITED",2006,6,2.99,100,23.99,G,Foreign
400,"HARDLY ROBBERS",2006,7,2.99,72,15.99,R,Documentary
401,"HAROLD FRENCH",2006,6,0.99,168,10.99,NC-17,Drama
402,"HARPER DYING",2006,3,0.99,52,15.99,G,Animation
403,"HARRY IDAHO",2006,5,4.99,121,18.99,PG-13,Drama
404,"HATE HANDICAP",2006,4,0.99,107,26.99,PG,Comedy
405,"HAUNTED ANTITRUST",2006,6,4.99,76,13.99,NC-17,Travel
406,"HAUNTING PIANIST",2006,5,0.99,181,22.99,R,Games
407,"HAWK CHILL",2006,5,0.99,47,12.99,PG-13,Documentary
408,"HEAD STRANGER",2006,4,4.99,69,28.99,R,Games
409,"HEARTBREAKERS BRIGHT",2006,3,4.99,59,9.99,G,Children
410,"HEAVEN FREEDOM",2006,7,2.99,48,19.99,PG,Comedy
411,"HEAVENLY GUN",2006,5,4.99,49,13.99,NC-17,Music
412,"HEAVYWEIGHTS BEAST",2006,6,4.99,102,25.99,G,Documentary
413,"HEDWIG ALTER",2006,7,2.99,169,16.99,NC-17,Comedy
414,"HELLFIGHTERS SIERRA",2006,3,2.99,75,23.99,PG,Foreign
415,"HIGH ENCINO",2006,3,2.99,84,23.99,R,Horror
416,"HIGHBALL POTTER",2006,6,0.99,110,10.99,R,Foreign
417,"HILLS NEIGHBORS",2006,5,0.99,93,29.99,G,Action
418,"HOBBIT ALIEN",2006,5,0.99,157,27.99,PG-13,Drama
419,"HOCUS FRIDA",2006,4,2.99,141,19.99,G,Family
420,"HOLES BRANNIGAN",2006,7,4.99,128,27.99,PG,Sports
421,"HOLIDAY GAMES",2006,7,4.99,78,10.99,PG-13,Foreign
422,"HOLLOW JEOPARDY",2006,7,4.99,136,25.99,NC-17,Sci-Fi
423,"HOLLYWOOD ANONYMOUS",2006,7,0.99,69,29.99,PG,Children
424,"HOLOCAUST HIGHBALL",2006,6,0.99,149,12.99,R,Children
425,"HOLY TADPOLE",2006,6,0.99,88,20.99,R,Classics
426,"HOME PITY",2006,7,4.99,185,15.99,R,Music
427,"HOMEWARD CIDER",2006,5,0.99,103,19.99,R,Documentary
428,"HOMICIDE PEACH",2006,6,2.99,141,21.99,PG-13,Family
429,"HONEY TIES",2006,3,0.99,84,29.99,R,Sports
430,"HOOK CHARIOTS",2006,7,0.99,49,23.99,G,Animation
431,"HOOSIERS BIRDCAGE",2006,3,2.99,176,12.99,G,Foreign
432,"HOPE TOOTSIE",2006,4,2.99,139,22.99,NC-17,Classics
433,"HORN WORKING",2006,4,2.99,95,23.99,PG,Animation
434,"HORROR REIGN",2006,3,0.99,139,25.99,R,Travel
435,"HOTEL HAPPINESS",2006,6,4.99,181,28.99,PG-13,Foreign
436,"HOURS RAGE",2006,4,0.99,122,14.99,NC-17,New
437,"HOUSE DYNAMITE",2006,7,2.99,109,13.99,R,Family
438,"HUMAN GRAFFITI",2006,3,2.99,68,22.99,NC-17,Games
439,"HUNCHBACK IMPOSSIBLE",2006,4,4.99,151,28.99,PG-13,Drama
440,"HUNGER ROOF",2006,6,0.99,105,21.99,G,Foreign
441,"HUNTER ALTER",2006,5,2.99,125,21.99,PG-13,Documentary
442,"HUNTING MUSKETEERS",2006,6,2.99,65,24.99,NC-17,Family
443,"HURRICANE AFFAIR",2006,6,2.99,49,11.99,PG,Comedy
444,"HUSTLER PARTY",2006,3,4.99,83,22.99,NC-17,Comedy
445,"HYDE DOCTOR",2006,5,2.99,100,11.99,G,Classics
446,"HYSTERICAL GRAIL",2006,5,4.99,150,19.99,PG,Sports
447,"ICE CROSSING",2006,5,2.99,131,28.99,R,Games
448,"IDAHO LOVE",2006,3,2.99,172,25.99,PG-13,New
449,"IDENTITY LOVER",2006,4,2.99,119,12.99,PG-13,Sci-Fi
450,"IDOLS SNATCHERS",2006,5,2.99,84,29.99,NC-17,Children
451,"IGBY MAKER",2006,7,4.99,160,12.99,NC-17,Travel
452,"ILLUSION AMELIE",2006,4,0.99,122,15.99,R,Foreign
453,"IMAGE PRINCESS",2006,3,2.99,178,17.99,PG-13,Sports
454,"IMPACT ALADDIN",2006,6,0.99,180,20.99,PG-13,Music
455,"IMPOSSIBLE PREJUDICE",2006,7,4.99,103,11.99,NC-17,Foreign
456,"INCH JET",2006,6,4.99,167,18.99,NC-17,Animation
457,"INDEPENDENCE HOTEL",2006,5,0.99,157,21.99,NC-17,Documentary
458,"INDIAN LOVE",2006,4,0.99,135,26.99,NC-17,Family
459,"INFORMER DOUBLE",2006,4,4.99,74,23.99,NC-17,Foreign
460,"INNOCENT USUAL",2006,3,4.99,178,26.99,PG-13,Foreign
461,"INSECTS STONE",2006,3,0.99,123,14.99,NC-17,Animation
462,"INSIDER ARIZONA",2006,5,2.99,78,17.99,NC-17,Music
463,"INSTINCT AIRPORT",2006,4,2.99,116,21.99,PG,Sports
464,"INTENTIONS EMPIRE",2006,3,2.99,107,13.99,PG-13,Animation
465,"INTERVIEW LIAISONS",2006,4,4.99,59,17.99,R,New
466,"INTOLERABLE INTENTIONS",2006,6,4.99,63,20.99,PG-13,Documentary
467,"INTRIGUE WORST",2006,6,0.99,181,10.99,G,Foreign
468,"INVASION CYCLONE",2006,5,2.99,97,12.99,PG,Children
469,"IRON MOON",2006,7,4.99,46,27.99,PG,Classics
470,"ISHTAR ROCKETEER",2006,4,4.99,79,24.99,R,Animation
471,"ISLAND EXORCIST",2006,7,2.99,84,23.99,NC-17,Classics
472,"ITALIAN AFRICAN",2006,3,4.99,174,24.99,G,Travel
473,"JACKET FRISCO",2006,5,2.99,181,16.99,PG-13,Drama
474,"JADE BUNCH",2006,6,2.99,174,21.99,NC-17,Sports
475,"JAPANESE RUN",2006,6,0.99,135,29.99,G,Horror
476,"JASON TRAP",2006,5,2.99,130,9.99,NC-17,Family
477,"JAWBREAKER BROOKLYN",2006,5,0.99,118,15.99,PG,Music
478,"JAWS HARRY",2006,4,2.99,112,10.99,G,Comedy
479,"JEDI BENEATH",2006,7,0.99,128,12.99,PG,Family
480,"JEEPERS WEDDING",2006,3,2.99,84,29.99,R,Classics
481,"JEKYLL FROGMEN",2006,4,2.99,58,22.99,PG,New
482,"JEOPARDY ENCINO",2006,3,0.99,102,12.99,R,Classics
483,"JERICHO MULAN",2006,3,2.99,171,29.99,NC-17,Games
484,"JERK PAYCHECK",2006,3,2.99,172,13.99,NC-17,Classics
485,"JERSEY SASSY",2006,6,4.99,60,16.99,PG,Children
486,"JET NEIGHBORS",2006,7,4.99,59,14.99,R,Foreign
487,"JINGLE SAGEBRUSH",2006,6,4.99,124,29.99,PG-13,Classics
488,"JOON NORTHWEST",2006,3,0.99,105,23.99,NC-17,Sports
489,"JUGGLER HARDLY",2006,4,0.99,54,14.99,PG-13,Animation
490,"JUMANJI BLADE",2006,4,2.99,121,13.99,G,New
491,"JUMPING WRATH",2006,4,0.99,74,18.99,NC-17,Children
492,"JUNGLE CLOSER",2006,6,0.99,134,11.99,NC-17,New
493,"KANE EXORCIST",2006,5,0.99,92,18.99,R,Foreign
494,"KARATE MOON",2006,4,0.99,120,21.99,PG-13,Horror
495,"KENTUCKIAN GIANT",2006,5,2.99,169,10.99,PG,Horror
496,"KICK SAVANNAH",2006,3,0.99,179,10.99,PG-13,Travel
497,"KILL BROTHERHOOD",2006,4,0.99,54,15.99,G,Documentary
498,"KILLER INNOCENT",2006,7,2.99,161,11.99,R,Family
499,"KING EVOLUTION",2006,3,4.99,184,24.99,NC-17,Family
500,"KISS GLORY",2006,5,4.99,163,11.99,PG-13,Foreign
501,"KISSING DOLLS",2006,3,4.99,141,9.99,R,Action
502,"KNOCK WARLOCK",2006,4,2.99,71,21.99,PG-13,Comedy
503,"KRAMER CHOCOLATE",2006,3,2.99,171,24.99,R,Sports
504,"KWAI HOMEWARD",2006,5,0.99,46,25.99,PG-13,Drama
505,"LABYRINTH LEAGUE",2006,6,2.99,46,24.99,PG-13,Children
506,"LADY STAGE",2006,4,4.99,67,14.99,PG,Horror
507,"LADYBUGS ARMAGEDDON",2006,4,0.99,113,13.99,NC-17,Games
508,"LAMBS CINCINATTI",2006,6,4.99,144,18.99,PG-13,Games
509,"LANGUAGE COWBOY",2006,5,0.99,78,26.99,NC-17,Children
510,"LAWLESS VISION",2006,6,4.99,181,29.99,G,Animation
511,"LAWRENCE LOVE",2006,7,0.99,175,23.99,NC-17,Action
512,"LEAGUE HELLFIGHTERS",2006,5,4.99,110,25.99,PG-13,Classics
513,"LEATHERNECKS DWARFS",2006,6,2.99,153,21.99,PG-13,Travel
514,"LEBOWSKI SOLDIERS",2006,6,2.99,69,17.99,PG-13,Drama
515,"LEGALLY SECRETARY",2006,7,4.99,113,14.99,PG,Children
516,"LEGEND JEDI",2006,7,0.99,59,18.99,PG,Music
517,"LESSON CLEOPATRA",2006,3,0.99,167,28.99,NC-17,Sports
518,"LIAISONS SWEET",2006,5,4.99,140,15.99,PG,Travel
519,"LIBERTY MAGNIFICENT",2006,3,2.99,138,27.99,G,Sports
520,"LICENSE WEEKEND",2006,7,2.99,91,28.99,NC-17,Sci-Fi
521,"LIES TREATMENT",2006,7,4.99,147,28.99,NC-17,Drama
522,"LIFE TWISTED",2006,4,2.99,137,9.99,NC-17,Comedy
523,"LIGHTS DEER",2006,7,0.99,174,21.99,R,Classics
524,"LION UNCUT",2006,6,0.99,50,13.99,PG,Comedy
525,"LOATHING LEGALLY",2006,4,0.99,140,29.99,R,Classics
526,"LOCK REAR",2006,7,2.99,120,10.99,R,Travel
527,"LOLA AGENT",2006,4,4.99,85,24.99,PG,Horror
528,"LOLITA WORLD",2006,4,2.99,155,25.99,NC-17,Family
529,"LONELY ELEPHANT",2006,3,2.99,67,12.99,G,Comedy
530,"LORD ARIZONA",2006,5,2.99,108,27.99,PG-13,Action
531,"LOSE INCH",2006,3,0.99,137,18.99,R,Foreign
532,"LOSER HUSTLER",2006,5,4.99,80,28.99,PG,Sports
533,"LOST BIRD",2006,4,2.99,98,21.99,PG-13,Foreign
534,"LOUISIANA HARRY",2006,5,0.99,70,18.99,PG-13,Family
535,"LOVE SUICIDES",2006,6,0.99,181,21.99,R,Horror
536,"LOVELY JINGLE",2006,3,2.99,65,18.99,PG,Classics
537,"LOVER TRUMAN",2006,3,2.99,75,29.99,G,Classics
538,"LOVERBOY ATTACKS",2006,7,0.99,162,19.99,PG-13,New
539,"LUCK OPUS",2006,7,2.99,152,21.99,NC-17,Drama
540,"LUCKY FLYING",2006,7,2.99,97,10.99,PG-13,Music
541,"LUKE MUMMY",2006,5,2.99,74,21.99,NC-17,Animation
542,"LUST LOCK",2006,3,2.99,52,28.99,G,Action
543,"MADIGAN DORADO",2006,5,4.99,116,20.99,R,Travel
544,"MADISON TRAP",2006,4,2.99,147,11.99,R,Documentary
545,"MADNESS ATTACKS",2006,4,0.99,178,14.99,PG-13,Foreign
546,"MADRE GABLES",2006,7,2.99,98,27.99,PG-13,Games
547,"MAGIC MALLRATS",2006,3,0.99,117,19.99,PG,Children
548,"MAGNIFICENT CHITTY",2006,3,2.99,53,27.99,R,Classics
549,"MAGNOLIA FORRESTER",2006,4,0.99,171,28.99,PG-13,Action
550,"MAGUIRE APACHE",2006,6,2.99,74,22.99,NC-17,Family
551,"MAIDEN HOME",2006,3,4.99,138,9.99,PG,New
552,"MAJESTIC FLOATS",2006,5,0.99,130,15.99,PG,Documentary
553,"MAKER GABLES",2006,4,0.99,136,12.99,PG-13,Children
554,"MALKOVICH PET",2006,6,2.99,159,22.99,G,Classics
555,"MALLRATS UNITED",2006,4,0.99,133,25.99,PG,Comedy
556,"MALTESE HOPE",2006,6,4.99,127,26.99,PG-13,Games
557,"MANCHURIAN CURTAIN",2006,5,2.99,177,27.99,PG,Family
558,"MANNEQUIN WORST",2006,3,2.99,71,18.99,PG-13,New
559,"MARRIED GO",2006,7,2.99,114,22.99,G,Sci-Fi
560,"MARS ROMAN",2006,6,0.99,62,21.99,NC-17,Games
561,"MASK PEACH",2006,6,2.99,123,26.99,NC-17,New
562,"MASKED BUBBLE",2006,6,0.99,151,12.99,PG-13,Music
563,"MASSACRE USUAL",2006,6,4.99,165,16.99,R,Games
564,"MASSAGE IMAGE",2006,4,2.99,161,11.99,PG,Animation
565,"MATRIX SNOWMAN",2006,6,4.99,56,9.99,PG-13,Foreign
566,"MAUDE MOD",2006,6,0.99,72,20.99,R,Foreign
567,"MEET CHOCOLATE",2006,3,2.99,80,26.99,G,Foreign
568,"MEMENTO ZOOLANDER",2006,4,4.99,77,11.99,NC-17,Comedy
569,"MENAGERIE RUSHMORE",2006,7,2.99,147,18.99,G,Animation
570,"MERMAID INSECTS",2006,5,4.99,104,20.99,NC-17,Sports
571,"METAL ARMAGEDDON",2006,6,2.99,161,26.99,PG-13,Documentary
572,"METROPOLIS COMA",2006,4,2.99,64,9.99,PG-13,Sci-Fi
573,"MICROCOSMOS PARADISE",2006,6,2.99,105,22.99,PG-13,Children
574,"MIDNIGHT WESTWARD",2006,3,0.99,86,19.99,G,Action
575,"MIDSUMMER GROUNDHOG",2006,3,4.99,48,27.99,G,Documentary
576,"MIGHTY LUCK",2006,7,2.99,122,13.99,PG,Documentary
577,"MILE MULAN",2006,4,0.99,64,10.99,PG,Sports
578,"MILLION ACE",2006,4,4.99,142,16.99,PG-13,Classics
579,"MINDS TRUMAN",2006,3,4.99,149,22.99,PG-13,Action
580,"MINE TITANS",2006,3,4.99,166,12.99,PG-13,New
581,"MINORITY KISS",2006,4,0.99,59,16.99,G,Music
582,"MIRACLE VIRTUAL",2006,3,2.99,162,19.99,PG-13,Animation
583,"MISSION ZOOLANDER",2006,3,4.99,164,26.99,PG-13,Animation
584,"MIXED DOORS",2006,6,2.99,180,26.99,PG-13,Foreign
585,"MOB DUFFEL",2006,4,0.99,105,25.99,G,Drama
586,"MOCKINGBIRD HOLLYWOOD",2006,4,0.99,60,27.99,PG,Action
587,"MOD SECRETARY",2006,6,4.99,77,20.99,NC-17,Documentary
588,"MODEL FISH",2006,4,4.99,175,11.99,NC-17,Children
589,"MODERN DORADO",2006,3,0.99,74,20.99,PG,Documentary
590,"MONEY HAROLD",2006,3,2.99,135,17.99,PG,New
591,"MONSOON CAUSE",2006,6,4.99,182,20.99,PG,Games
592,"MONSTER SPARTACUS",2006,6,2.99,107,28.99,PG,Music
593,"MONTEREY LABYRINTH",2006,6,0.99,158,13.99,G,Horror
594,"MONTEZUMA COMMAND",2006,6,0.99,126,22.99,NC-17,Action
595,"MOON BUNCH",2006,7,0.99,83,20.99,PG,Foreign
596,"MOONSHINE CABIN",2006,4,4.99,171,25.99,PG-13,Games
597,"MOONWALKER FOOL",2006,5,4.99,184,12.99,G,Games
598,"MOSQUITO ARMAGEDDON",2006,6,0.99,57,22.99,G,Sports
599,"MOTHER OLEANDER",2006,3,0.99,103,20.99,R,Sports
600,"MOTIONS DETAILS",2006,5,0.99,166,16.99,PG,Horror
601,"MOULIN WAKE",2006,4,0.99,79,20.99,PG-13,Travel
602,"MOURNING PURPLE",2006,5,0.99,146,14.99,PG,Sci-Fi
603,"MOVIE SHAKESPEARE",2006,6,4.99,53,27.99,PG,Family
604,"MULAN MOON",2006,4,0.99,160,10.99,G,Comedy
605,"MULHOLLAND BEAST",2006,7,2.99,157,13.99,PG,Foreign
606,"MUMMY CREATURES",2006,3,0.99,160,15.99,NC-17,Sports
607,"MUPPET MILE",2006,5,4.99,50,18.99,PG,Foreign
608,"MURDER ANTITRUST",2006,6,2.99,166,11.99,PG,Children
609,"MUSCLE BRIGHT",2006,7,2.99,185,23.99,G,Travel
610,"MUSIC BOONDOCK",2006,7,0.99,129,17.99,R,Family
611,"MUSKETEERS WAIT",2006,7,4.99,73,17.99,PG,Classics
612,"MUSSOLINI SPOILERS",2006,6,2.99,180,10.99,G,Sports
613,"MYSTIC TRUMAN",2006,5,0.99,92,19.99,NC-17,Comedy
614,"NAME DETECTIVE",2006,5,4.99,178,11.99,PG-13,Games
615,"NASH CHOCOLAT",2006,6,2.99,180,21.99,PG-13,Animation
616,"NATIONAL STORY",2006,4,2.99,92,19.99,NC-17,Documentary
617,"NATURAL STOCK",2006,4,0.99,50,24.99,PG-13,Family
618,"NECKLACE OUTBREAK",2006,3,0.99,132,21.99,PG,Drama
619,"NEIGHBORS CHARADE",2006,3,0.99,161,20.99,R,Sports
620,"NEMO CAMPUS",2006,5,2.99,131,23.99,NC-17,Sci-Fi
621,"NETWORK PEAK",2006,5,2.99,75,23.99,PG-13,Family
622,"NEWSIES STORY",2006,4,0.99,159,25.99,G,Documentary
623,"NEWTON LABYRINTH",2006,4,0.99,75,9.99,PG,Foreign
624,"NIGHTMARE CHILL",2006,3,4.99,149,25.99,PG,Games
625,"NONE SPIKING",2006,3,0.99,83,18.99,NC-17,Sci-Fi
626,"NOON PAPI",2006,5,2.99,57,12.99,G,Children
627,"NORTH TEQUILA",2006,4,4.99,67,9.99,NC-17,Documentary
628,"NORTHWEST POLISH",2006,5,2.99,172,24.99,PG,Sports
629,"NOTORIOUS REUNION",2006,7,0.99,128,9.99,NC-17,Documentary
630,"NOTTING SPEAKEASY",2006,7,0.99,48,19.99,PG-13,Drama
631,"NOVOCAINE FLIGHT",2006,4,0.99,64,11.99,G,Sports
632,"NUTS TIES",2006,5,4.99,145,10.99,NC-17,New
633,"OCTOBER SUBMARINE",2006,6,4.99,54,10.99,PG-13,Classics
634,"ODDS BOOGIE",2006,6,0.99,48,14.99,NC-17,Family
635,"OKLAHOMA JUMANJI",2006,7,0.99,58,15.99,PG,New
636,"OLEANDER CLUE",2006,5,0.99,161,12.99,PG,Music
637,"OPEN AFRICAN",2006,7,4.99,131,16.99,PG,Sci-Fi
638,"OPERATION OPERATION",2006,7,2.99,156,23.99,G,Comedy
639,"OPPOSITE NECKLACE",2006,7,4.99,92,9.99,PG,Family
640,"OPUS ICE",2006,5,4.99,102,21.99,R,Foreign
641,"ORANGE GRAPES",2006,4,0.99,76,21.99,PG-13,Foreign
642,"ORDER BETRAYED",2006,7,2.99,120,13.99,PG-13,Travel
643,"ORIENT CLOSER",2006,3,2.99,118,22.99,R,Drama
644,"OSCAR GOLD",2006,7,2.99,115,29.99,PG,Animation
645,"OTHERS SOUP",2006,7,2.99,118,18.99,PG,Travel
646,"OUTBREAK DIVINE",2006,6,0.99,169,12.99,NC-17,Games
647,"OUTFIELD MASSACRE",2006,4,0.99,129,18.99,NC-17,Music
648,"OUTLAW HANKY",2006,7,4.99,148,17.99,PG-13,Travel
649,"OZ LIAISONS",2006,4,2.99,85,14.99,R,Animation
650,"PACIFIC AMISTAD",2006,3,0.99,144,27.99,G,Documentary
651,"PACKER MADIGAN",2006,3,0.99,84,20.99,PG-13,Animation
652,"PAJAMA JAWBREAKER",2006,3,0.99,126,14.99,R,Classics
653,"PANIC CLUB",2006,3,4.99,102,15.99,G,Horror
654,"PANKY SUBMARINE",2006,4,4.99,93,19.99,G,Games
655,"PANTHER REDS",2006,5,4.99,109,22.99,NC-17,Sci-Fi
656,"PAPI NECKLACE",2006,3,0.99,128,9.99,PG,Travel
657,"PARADISE SABRINA",2006,5,2.99,48,12.99,PG-13,Comedy
658,"PARIS WEEKEND",2006,7,2.99,121,19.99,PG-13,Horror
659,"PARK CITIZEN",2006,3,4.99,109,14.99,PG-13,Action
660,"PARTY KNOCK",2006,7,2.99,107,11.99,PG,Comedy
661,"PAST SUICIDES",2006,5,4.99,157,17.99,PG-13,Foreign
662,"PATHS CONTROL",2006,3,4.99,118,9.99,PG,Drama
663,"PATIENT SISTER",2006,7,0.99,99,29.99,NC-17,Classics
664,"PATRIOT ROMAN",2006,6,2.99,65,12.99,PG,Action
665,"PATTON INTERVIEW",2006,4,2.99,175,22.99,PG,Horror
666,"PAYCHECK WAIT",2006,4,4.99,145,27.99,PG-13,Drama
667,"PEACH INNOCENT",2006,3,2.99,160,20.99,PG-13,Sports
668,"PEAK FOREVER",2006,7,4.99,80,25.99,PG,Sports
669,"PEARL DESTINY",2006,3,2.99,74,10.99,NC-17,Foreign
670,"PELICAN COMFORTS",2006,4,4.99,48,17.99,PG,Documentary
671,"PERDITION FARGO",2006,7,4.99,99,27.99,NC-17,Sports
672,"PERFECT GROOVE",2006,7,2.99,82,17.99,PG-13,Comedy
673,"PERSONAL LADYBUGS",2006,3,0.99,118,19.99,PG-13,Music
674,"PET HAUNTING",2006,3,0.99,99,11.99,PG,Foreign
675,"PHANTOM GLORY",2006,6,2.99,60,17.99,NC-17,New
676,"PHILADELPHIA WIFE",2006,7,4.99,137,16.99,PG-13,Sports
677,"PIANIST OUTFIELD",2006,6,0.99,136,25.99,NC-17,New
678,"PICKUP DRIVING",2006,3,2.99,77,23.99,G,Sports
679,"PILOT HOOSIERS",2006,6,2.99,50,17.99,PG,Family
680,"PINOCCHIO SIMON",2006,4,4.99,103,21.99,PG,Comedy
681,"PIRATES ROXANNE",2006,4,0.99,100,20.99,PG,Sports
682,"PITTSBURGH HUNCHBACK",2006,4,4.99,134,17.99,PG-13,Family
683,"PITY BOUND",2006,5,4.99,60,19.99,NC-17,Drama
684,"PIZZA JUMANJI",2006,4,2.99,173,11.99,NC-17,Games
685,"PLATOON INSTINCT",2006,6,4.99,132,10.99,PG-13,New
686,"PLUTO OLEANDER",2006,5,4.99,84,9.99,R,New
687,"POCUS PULP",2006,6,0.99,138,15.99,NC-17,Documentary
688,"POLISH BROOKLYN",2006,6,0.99,61,12.99,PG,Children
689,"POLLOCK DELIVERANCE",2006,5,2.99,137,14.99,PG,Foreign
690,"POND SEATTLE",2006,7,2.99,185,25.99,PG-13,Animation
691,"POSEIDON FOREVER",2006,6,4.99,159,29.99,PG-13,Sports
692,"POTLUCK MIXED",2006,3,2.99,179,10.99,G,Animation
693,"POTTER CONNECTICUT",2006,5,2.99,115,16.99,PG,Animation
694,"PREJUDICE OLEANDER",2006,6,4.99,98,15.99,PG-13,Classics
695,"PRESIDENT BANG",2006,6,4.99,144,12.99,PG,Family
696,"PRIDE ALAMO",2006,6,0.99,114,20.99,NC-17,Animation
697,"PRIMARY GLASS",2006,7,0.99,53,16.99,G,Action
698,"PRINCESS GIANT",2006,3,2.99,71,29.99,NC-17,Documentary
699,"PRIVATE DROP",2006,7,4.99,106,26.99,PG,Games
700,"PRIX UNDEFEATED",2006,4,2.99,115,13.99,R,Family
701,"PSYCHO SHRUNK",2006,5,2.99,155,11.99,PG-13,Games
702,"PULP BEVERLY",2006,4,2.99,89,12.99,G,Horror
703,"PUNK DIVORCE",2006,6,4.99,100,18.99,PG,Animation
704,"PURE RUNNER",2006,3,2.99,121,25.99,NC-17,Comedy
705,"PURPLE MOVIE",2006,4,2.99,88,9.99,R,Foreign
706,"QUEEN LUKE",2006,5,4.99,163,22.99,PG,Drama
707,"QUEST MUSSOLINI",2006,5,2.99,177,29.99,R,Action
708,"QUILLS BULL",2006,4,4.99,112,19.99,R,Documentary
709,"RACER EGG",2006,7,2.99,147,19.99,NC-17,Drama
710,"RAGE GAMES",2006,4,4.99,120,18.99,R,Family
711,"RAGING AIRPLANE",2006,4,4.99,154,18.99,R,Sci-Fi
712,"RAIDERS ANTITRUST",2006,4,0.99,82,11.99,PG-13,Documentary
713,"RAINBOW SHOCK",2006,3,4.99,74,14.99,PG,Documentary
714,"RANDOM GO",2006,6,2.99,73,29.99,NC-17,Sci-Fi
715,"RANGE MOONWALKER",2006,3,4.99,147,25.99,PG,Family
716,"REAP UNFAITHFUL",2006,6,2.99,136,26.99,PG-13,Horror
717,"REAR TRADING",2006,6,0.99,97,23.99,NC-17,Action
718,"REBEL AIRPORT",2006,7,0.99,73,24.99,G,Music
719,"RECORDS ZORRO",2006,7,4.99,182,11.99,PG,Sports
720,"REDEMPTION COMFORTS",2006,3,2.99,179,20.99,NC-17,New
721,"REDS POCUS",2006,7,4.99,182,23.99,PG-13,Music
722,"REEF SALUTE",2006,5,0.99,123,26.99,NC-17,Horror
723,"REIGN GENTLEMEN",2006,3,2.99,82,29.99,PG-13,Sci-Fi
724,"REMEMBER DIARY",2006,5,2.99,110,15.99,R,Family
725,"REQUIEM TYCOON",2006,6,4.99,167,25.99,R,Classics
726,"RESERVOIR ADAPTATION",2006,7,2.99,61,29.99,PG-13,Foreign
727,"RESURRECTION SILVERADO",2006,6,0.99,117,12.99,PG,Family
728,"REUNION WITCHES",2006,3,0.99,63,26.99,R,Drama
729,"RIDER CADDYSHACK",2006,5,2.99,177,28.99,PG,Sports
730,"RIDGEMONT SUBMARINE",2006,3,0.99,46,28.99,PG-13,New
731,"RIGHT CRANES",2006,7,4.99,153,29.99,PG-13,Classics
732,"RINGS HEARTBREAKERS",2006,5,0.99,58,17.99,G,Action
733,"RIVER OUTLAW",2006,4,0.99,149,29.99,PG-13,Sports
734,"ROAD ROXANNE",2006,4,4.99,158,12.99,R,Documentary
735,"ROBBERS JOON",2006,7,2.99,102,26.99,PG-13,Children
736,"ROBBERY BRIGHT",2006,4,0.99,134,21.99,R,Family
737,"ROCK INSTINCT",2006,4,0.99,102,28.99,G,Horror
738,"ROCKETEER MOTHER",2006,3,0.99,178,27.99,PG-13,Foreign
739,"ROCKY WAR",2006,4,4.99,145,17.99,PG-13,Drama
740,"ROLLERCOASTER BRINGING",2006,5,2.99,153,13.99,PG-13,Horror
741,"ROMAN PUNK",2006,7,0.99,81,28.99,NC-17,Music
742,"ROOF CHAMPION",2006,7,0.99,101,25.99,R,Games
743,"ROOM ROMAN",2006,7,0.99,60,27.99,PG,Animation
744,"ROOTS REMEMBER",2006,4,0.99,89,23.99,PG-13,Classics
745,"ROSES TREASURE",2006,5,4.99,162,23.99,PG-13,Sports
746,"ROUGE SQUAD",2006,3,0.99,118,10.99,NC-17,Games
747,"ROXANNE REBEL",2006,5,0.99,171,9.99,R,Games
748,"RUGRATS SHAKESPEARE",2006,4,0.99,109,16.99,PG-13,Action
749,"RULES HUMAN",2006,6,4.99,153,19.99,R,Horror
750,"RUN PACIFIC",2006,3,0.99,145,25.99,R,New
751,"RUNAWAY TENENBAUMS",2006,6,0.99,181,17.99,NC-17,New
752,"RUNNER MADIGAN",2006,6,0.99,101,27.99,NC-17,Music
753,"RUSH GOODFELLAS",2006,3,0.99,48,20.99,PG,Family
754,"RUSHMORE MERMAID",2006,6,2.99,150,17.99,PG-13,Comedy
755,"SABRINA MIDNIGHT",2006,5,4.99,99,11.99,PG,Children
756,"SADDLE ANTITRUST",2006,7,2.99,80,10.99,PG-13,Comedy
757,"SAGEBRUSH CLUELESS",2006,4,2.99,106,28.99,G,Documentary
758,"SAINTS BRIDE",2006,5,2.99,125,11.99,G,Drama
759,"SALUTE APOLLO",2006,4,2.99,73,29.99,R,New
760,"SAMURAI LION",2006,5,2.99,110,21.99,G,New
761,"SANTA PARIS",2006,7,2.99,154,23.99,PG,Children
762,"SASSY PACKER",2006,6,0.99,154,29.99,G,Games
763,"SATISFACTION CONFIDENTIAL",2006,3,4.99,75,26.99,G,Sports
764,"SATURDAY LAMBS",2006,3,4.99,150,28.99,G,Sports
765,"SATURN NAME",2006,7,4.99,182,18.99,R,Comedy
766,"SAVANNAH TOWN",2006,5,0.99,84,25.99,PG-13,Drama
767,"SCALAWAG DUCK",2006,6,4.99,183,13.99,NC-17,Music
768,"SCARFACE BANG",2006,3,4.99,102,11.99,PG-13,Children
769,"SCHOOL JACKET",2006,5,4.99,151,21.99,PG-13,Foreign
770,"SCISSORHANDS SLUMS",2006,5,2.99,147,13.99,G,Foreign
771,"SCORPION APOLLO",2006,3,4.99,137,23.99,NC-17,Drama
772,"SEA VIRGIN",2006,4,2.99,80,24.99,PG,Drama
773,"SEABISCUIT PUNK",2006,6,2.99,112,28.99,NC-17,Sports
774,"SEARCHERS WAIT",2006,3,2.99,182,22.99,NC-17,Comedy
775,"SEATTLE EXPECATIONS",2006,4,4.99,110,18.99,PG-13,Drama
776,"SECRET GROUNDHOG",2006,6,4.99,90,11.99,PG,Documentary
777,"SECRETARY ROUGE",2006,5,4.99,158,10.99,PG,Sports
778,"SECRETS PARADISE",2006,3,4.99,109,24.99,G,Family
779,"SENSE GREEK",2006,4,4.99,54,23.99,R,Sports
780,"SENSIBILITY REAR",2006,7,4.99,98,15.99,PG,Family
781,"SEVEN SWARM",2006,4,4.99,127,15.99,R,Games
782,"SHAKESPEARE SADDLE",2006,6,2.99,60,26.99,PG-13,Sports
783,"SHANE DARKNESS",2006,5,2.99,93,22.99,PG,Travel
784,"SHANGHAI TYCOON",2006,7,2.99,47,20.99,PG,Travel
785,"SHAWSHANK BUBBLE",2006,6,4.99,80,20.99,PG,Travel
786,"SHEPHERD MIDSUMMER",2006,7,0.99,113,14.99,R,Children
787,"SHINING ROSES",2006,4,0.99,125,12.99,G,Travel
788,"SHIP WONDERLAND",2006,5,2.99,104,15.99,R,Documentary
789,"SHOCK CABIN",2006,7,2.99,79,15.99,PG-13,Foreign
790,"SHOOTIST SUPERFLY",2006,6,0.99,67,22.99,PG-13,Drama
791,"SHOW LORD",2006,3,4.99,167,24.99,PG-13,Documentary
792,"SHREK LICENSE",2006,7,2.99,154,15.99,PG-13,Foreign
793,"SHRUNK DIVINE",2006,6,2.99,139,14.99,R,Action
794,"SIDE ARK",2006,5,0.99,52,28.99,G,Action
795,"SIEGE MADRE",2006,7,0.99,111,23.99,R,Family
796,"SIERRA DIVIDE",2006,3,0.99,135,12.99,NC-17,Sports
797,"SILENCE KANE",2006,7,0.99,67,23.99,R,Music
798,"SILVERADO GOLDFINGER",2006,4,4.99,74,11.99,PG,Sci-Fi
799,"SIMON NORTH",2006,3,0.99,51,26.99,NC-17,Horror
800,"SINNERS ATLANTIS",2006,7,2.99,126,19.99,PG-13,Horror
801,"SISTER FREDDY",2006,5,4.99,152,19.99,PG-13,Children
802,"SKY MIRACLE",2006,7,2.99,132,15.99,PG,Action
803,"SLACKER LIAISONS",2006,7,4.99,179,29.99,R,Drama
804,"SLEEPING SUSPECTS",2006,7,4.99,129,13.99,PG-13,Horror
805,"SLEEPLESS MONSOON",2006,5,4.99,64,12.99,G,Animation
806,"SLEEPY JAPANESE",2006,4,2.99,137,25.99,PG,New
807,"SLEUTH ORIENT",2006,4,0.99,87,25.99,NC-17,Games
808,"SLING LUKE",2006,5,0.99,84,10.99,R,Classics
809,"SLIPPER FIDELITY",2006,5,0.99,156,14.99,PG-13,Sports
810,"SLUMS DUCK",2006,5,0.99,147,21.99,PG,Family
811,"SMILE EARRING",2006,4,2.99,60,29.99,G,Travel
812,"SMOKING BARBARELLA",2006,7,0.99,50,13.99,PG-13,Documentary
813,"SMOOCHY CONTROL",2006,7,0.99,184,18.99,R,Sports
814,"SNATCH SLIPPER",2006,6,4.99,110,15.99,PG,Comedy
815,"SNATCHERS MONTEZUMA",2006,4,2.99,74,14.99,PG-13,Classics
816,"SNOWMAN ROLLERCOASTER",2006,3,0.99,62,27.99,G,Animation
817,"SOLDIERS EVOLUTION",2006,7,4.99,185,27.99,R,Sci-Fi
818,"SOMETHING DUCK",2006,4,4.99,180,17.99,NC-17,Drama
819,"SONG HEDWIG",2006,3,0.99,165,29.99,PG-13,Music
820,"SONS INTERVIEW",2006,3,2.99,184,11.99,NC-17,Animation
821,"SORORITY QUEEN",2006,6,0.99,184,17.99,NC-17,Foreign
822,"SOUP WISDOM",2006,6,0.99,169,12.99,R,Family
823,"SOUTH WAIT",2006,4,2.99,143,21.99,R,Action
824,"SPARTACUS CHEAPER",2006,4,4.99,52,19.99,NC-17,Family
825,"SPEAKEASY DATE",2006,6,2.99,165,22.99,PG-13,Action
826,"SPEED SUIT",2006,7,4.99,124,19.99,PG-13,Travel
827,"SPICE SORORITY",2006,5,4.99,141,22.99,NC-17,Drama
828,"SPIKING ELEMENT",2006,7,2.99,79,12.99,G,Classics
829,"SPINAL ROCKY",2006,7,2.99,138,12.99,PG-13,Family
830,"SPIRIT FLINTSTONES",2006,7,0.99,149,23.99,R,Horror
831,"SPIRITED CASUALTIES",2006,5,0.99,138,20.99,PG-13,Sci-Fi
832,"SPLASH GUMP",2006,5,0.99,175,16.99,PG,Family
833,"SPLENDOR PATTON",2006,5,0.99,134,20.99,R,Children
834,"SPOILERS HELLFIGHTERS",2006,4,0.99,151,26.99,G,Documentary
835,"SPY MILE",2006,6,2.99,112,13.99,PG-13,Games
836,"SQUAD FISH",2006,3,2.99,136,14.99,PG,Sports
837,"STAGE WORLD",2006,4,2.99,85,19.99,PG,Comedy
838,"STAGECOACH ARMAGEDDON",2006,5,4.99,112,25.99,R,Action
839,"STALLION SUNDANCE",2006,5,0.99,130,23.99,PG-13,Sci-Fi
840,"STAMPEDE DISTURBING",2006,5,0.99,75,26.99,R,Games
841,"STAR OPERATION",2006,5,2.99,181,9.99,PG,Sports
842,"STATE WASTELAND",2006,4,2.99,113,13.99,NC-17,Games
843,"STEEL SANTA",2006,4,4.99,143,15.99,NC-17,Classics
844,"STEERS ARMAGEDDON",2006,6,4.99,140,16.99,PG,Sports
845,"STEPMOM DREAM",2006,7,4.99,48,9.99,NC-17,Foreign
846,"STING PERSONAL",2006,3,4.99,93,9.99,NC-17,New
847,"STOCK GLASS",2006,7,2.99,160,10.99,PG,New
848,"STONE FIRE",2006,3,0.99,94,19.99,G,Travel
849,"STORM HAPPINESS",2006,6,0.99,57,28.99,NC-17,Animation
850,"STORY SIDE",2006,7,0.99,163,27.99,R,Action
851,"STRAIGHT HOURS",2006,3,0.99,151,19.99,R,Sports
852,"STRANGELOVE DESIRE",2006,4,0.99,103,27.99,NC-17,Children
853,"STRANGER STRANGERS",2006,3,4.99,139,12.99,G,Children
854,"STRANGERS GRAFFITI",2006,4,4.99,119,22.99,R,Horror
855,"STREAK RIDGEMONT",2006,7,0.99,132,28.99,PG-13,Documentary
856,"STREETCAR INTENTIONS",2006,5,4.99,73,11.99,R,Horror
857,"STRICTLY SCARFACE",2006,3,2.99,144,24.99,PG-13,Comedy
858,"SUBMARINE BED",2006,5,4.99,127,21.99,R,Comedy
859,"SUGAR WONKA",2006,3,4.99,114,20.99,PG,Animation
860,"SUICIDES SILENCE",2006,4,4.99,93,13.99,G,Sci-Fi
861,"SUIT WALLS",2006,3,4.99,111,12.99,R,Games
862,"SUMMER SCARFACE",2006,5,0.99,53,25.99,G,Classics
863,"SUN CONFESSIONS",2006,5,0.99,141,9.99,R,Sci-Fi
864,"SUNDANCE INVASION",2006,5,0.99,92,21.99,NC-17,Children
865,"SUNRISE LEAGUE",2006,3,4.99,135,19.99,PG-13,Animation
866,"SUNSET RACER",2006,6,0.99,48,28.99,NC-17,Family
867,"SUPER WYOMING",2006,5,4.99,58,10.99,PG,Family
868,"SUPERFLY TRIP",2006,5,0.99,114,27.99,PG,Travel
869,"SUSPECTS QUILLS",2006,4,2.99,47,22.99,PG,Action
870,"SWARM GOLD",2006,4,0.99,123,12.99,PG-13,Horror
871,"SWEDEN SHINING",2006,6,4.99,176,19.99,PG,Comedy
872,"SWEET BROTHERHOOD",2006,3,2.99,185,27.99,R,Travel
873,"SWEETHEARTS SUSPECTS",2006,3,0.99,108,13.99,G,Children
874,"TADPOLE PARK",2006,6,2.99,155,13.99,PG,Classics
875,"TALENTED HOMICIDE",2006,6,0.99,173,9.99,PG,Sports
876,"TARZAN VIDEOTAPE",2006,3,2.99,91,11.99,PG-13,Horror
877,"TAXI KICK",2006,4,0.99,64,23.99,PG-13,Music
878,"TEEN APOLLO",2006,3,4.99,74,25.99,G,Travel
879,"TELEGRAPH VOYAGE",2006,3,4.99,148,20.99,PG,Music
880,"TELEMARK HEARTBREAKERS",2006,6,2.99,152,9.99,PG-13,Animation
881,"TEMPLE ATTRACTION",2006,5,4.99,71,13.99,PG,Horror
882,"TENENBAUMS COMMAND",2006,4,0.99,99,24.99,PG-13,Drama
883,"TEQUILA PAST",2006,6,4.99,53,17.99,PG,Children
884,"TERMINATOR CLUB",2006,5,4.99,88,11.99,R,Music
885,"TEXAS WATCH",2006,7,0.99,179,22.99,NC-17,Horror
886,"THEORY MERMAID",2006,5,0.99,184,9.99,PG-13,Animation
887,"THIEF PELICAN",2006,5,4.99,135,28.99,PG-13,Animation
888,"THIN SAGEBRUSH",2006,5,4.99,53,9.99,PG-13,Documentary
889,"TIES HUNGER",2006,3,4.99,111,28.99,R,Children
890,"TIGHTS DAWN",2006,5,0.99,172,14.99,R,Sports
891,"TIMBERLAND SKY",2006,3,0.99,69,13.99,G,Classics
892,"TITANIC BOONDOCK",2006,3,4.99,104,18.99,R,Animation
893,"TITANS JERK",2006,4,4.99,91,11.99,PG,Sci-Fi
894,"TOMATOES HELLFIGHTERS",2006,6,0.99,68,23.99,PG,Travel
895,"TOMORROW HUSTLER",2006,3,2.99,142,21.99,R,Classics
896,"TOOTSIE PILOT",2006,3,0.99,157,10.99,PG,Children
897,"TORQUE BOUND",2006,3,4.99,179,27.99,G,Drama
898,"TOURIST PELICAN",2006,4,4.99,152,18.99,PG-13,Sports
899,"TOWERS HURRICANE",2006,7,0.99,144,14.99,NC-17,Classics
900,"TOWN ARK",2006,6,2.99,136,17.99,R,Foreign
901,"TRACY CIDER",2006,3,0.99,142,29.99,G,Animation
902,"TRADING PINOCCHIO",2006,6,4.99,170,22.99,PG,Sports
903,"TRAFFIC HOBBIT",2006,5,4.99,139,13.99,G,Travel
904,"TRAIN BUNCH",2006,3,4.99,71,26.99,R,Horror
905,"TRAINSPOTTING STRANGERS",2006,7,4.99,132,10.99,PG-13,Comedy
906,"TRAMP OTHERS",2006,4,0.99,171,27.99,PG,Comedy
907,"TRANSLATION SUMMER",2006,4,0.99,168,10.99,PG-13,Drama
908,"TRAP GUYS",2006,3,4.99,110,11.99,G,Foreign
909,"TREASURE COMMAND",2006,3,0.99,102,28.99,PG-13,Horror
910,"TREATMENT JEKYLL",2006,3,0.99,87,19.99,PG,Drama
911,"TRIP NEWTON",2006,7,4.99,64,14.99,PG-13,Action
912,"TROJAN TOMORROW",2006,3,2.99,52,9.99,PG,Sci-Fi
913,"TROOPERS METAL",2006,3,0.99,115,20.99,R,New
914,"TROUBLE DATE",2006,6,2.99,61,13.99,PG,Travel
915,"TRUMAN CRAZY",2006,7,4.99,92,9.99,G,Action
916,"TURN STAR",2006,3,2.99,80,10.99,G,Animation
917,"TUXEDO MILE",2006,3,2.99,152,24.99,R,Sports
918,"TWISTED PIRATES",2006,4,4.99,152,23.99,PG,Children
919,"TYCOON GATHERING",2006,3,4.99,82,17.99,G,Games
920,"UNBREAKABLE KARATE",2006,3,0.99,62,16.99,G,New
921,"UNCUT SUICIDES",2006,7,2.99,172,29.99,PG-13,Music
922,"UNDEFEATED DALMATIONS",2006,7,4.99,107,22.99,PG-13,Horror
923,"UNFAITHFUL KILL",2006,7,2.99,78,12.99,R,Drama
924,"UNFORGIVEN ZOOLANDER",2006,7,0.99,129,15.99,PG,Sci-Fi
925,"UNITED PILOT",2006,3,0.99,164,27.99,R,Documentary
926,"UNTOUCHABLES SUNRISE",2006,5,2.99,120,11.99,NC-17,Documentary
927,"UPRISING UPTOWN",2006,6,2.99,174,16.99,NC-17,Action
928,"UPTOWN YOUNG",2006,5,2.99,84,16.99,PG,Children
929,"USUAL UNTOUCHABLES",2006,5,4.99,128,21.99,PG-13,Foreign
930,"VACATION BOONDOCK",2006,4,2.99,145,23.99,R,Sci-Fi
931,"VALENTINE VANISHING",2006,7,0.99,48,9.99,PG-13,Travel
932,"VALLEY PACKER",2006,3,0.99,73,21.99,G,Comedy
933,"VAMPIRE WHALE",2006,4,4.99,126,11.99,NC-17,New
934,"VANILLA DAY",2006,7,4.99,122,20.99,NC-17,Games
935,"VANISHED GARDEN",2006,5,0.99,142,17.99,R,New
936,"VANISHING ROCKY",2006,3,2.99,123,21.99,NC-17,Music
937,"VARSITY TRIP",2006,7,2.99,85,14.99,NC-17,New
938,"VELVET TERMINATOR",2006,3,4.99,173,14.99,R,Comedy
939,"VERTIGO NORTHWEST",2006,4,2.99,90,17.99,R,Comedy
940,"VICTORY ACADEMY",2006,6,0.99,64,19.99,PG-13,Sports
941,"VIDEOTAPE ARSENIC",2006,4,4.99,145,10.99,NC-17,Games
942,"VIETNAM SMOOCHY",2006,7,0.99,174,27.99,PG-13,Drama
943,"VILLAIN DESPERATE",2006,4,4.99,76,27.99,PG-13,Documentary
944,"VIRGIN DAISY",2006,6,4.99,179,29.99,PG-13,Drama
945,"VIRGINIAN PLUTO",2006,5,0.99,164,22.99,R,Documentary
946,"VIRTUAL SPOILERS",2006,3,4.99,144,14.99,NC-17,Family
947,"VISION TORQUE",2006,5,0.99,59,16.99,PG-13,Foreign
948,"VOICE PEACH",2006,6,0.99,139,22.99,PG-13,New
949,"VOLCANO TEXAS",2006,6,0.99,157,27.99,NC-17,Games
950,"VOLUME HOUSE",2006,7,4.99,132,12.99,PG,Classics
951,"VOYAGE LEGALLY",2006,6,0.99,78,28.99,PG-13,Classics
952,"WAGON JAWS",2006,7,2.99,152,17.99,PG,Documentary
953,"WAIT CIDER",2006,3,0.99,112,9.99,PG-13,Animation
954,"WAKE JAWS",2006,7,4.99,73,18.99,G,New
955,"WALLS ARTIST",2006,7,4.99,135,19.99,PG,Children
956,"WANDA CHAMBER",2006,7,4.99,107,23.99,PG-13,Games
957,"WAR NOTTING",2006,7,4.99,80,26.99,G,Foreign
958,"WARDROBE PHANTOM",2006,6,2.99,178,19.99,G,Drama
959,"WARLOCK WEREWOLF",2006,6,2.99,83,10.99,G,Children
960,"WARS PLUTO",2006,5,2.99,128,15.99,G,Documentary
961,"WASH HEAVENLY",2006,7,4.99,161,22.99,R,Foreign
962,"WASTELAND DIVINE",2006,7,2.99,85,18.99,PG,Classics
963,"WATCH TRACY",2006,5,0.99,78,12.99,PG,Animation
964,"WATERFRONT DELIVERANCE",2006,4,4.99,61,17.99,G,Action
965,"WATERSHIP FRONTIER",2006,6,0.99,112,28.99,G,Horror
966,"WEDDING APOLLO",2006,3,0.99,70,14.99,PG,Documentary
967,"WEEKEND PERSONAL",2006,5,2.99,134,26.99,R,Sci-Fi
968,"WEREWOLF LOLA",2006,6,4.99,79,19.99,G,Action
969,"WEST LION",2006,4,4.99,159,29.99,G,Drama
970,"WESTWARD SEABISCUIT",2006,7,0.99,52,11.99,NC-17,Classics
971,"WHALE BIKINI",2006,4,4.99,109,11.99,PG-13,Foreign
972,"WHISPERER GIANT",2006,4,4.99,59,24.99,PG-13,Sci-Fi
973,"WIFE TURN",2006,3,4.99,183,27.99,NC-17,Documentary
974,"WILD APOLLO",2006,4,0.99,181,24.99,R,New
975,"WILLOW TRACY",2006,6,2.99,137,22.99,R,Family
976,"WIND PHANTOM",2006,6,0.99,111,12.99,R,Games
977,"WINDOW SIDE",2006,3,2.99,85,25.99,R,Travel
978,"WISDOM WORKER",2006,3,0.99,98,12.99,R,Comedy
979,"WITCHES PANIC",2006,6,4.99,100,10.99,NC-17,Drama
980,"WIZARD COLDBLOODED",2006,4,4.99,75,12.99,PG,Music
981,"WOLVES DESIRE",2006,7,0.99,55,13.99,NC-17,Travel
982,"WOMEN DORADO",2006,4,0.99,126,23.99,R,Action
983,"WON DARES",2006,7,2.99,105,18.99,PG,Music
984,"WONDERFUL DROP",2006,3,2.99,126,20.99,NC-17,Foreign
985,"WONDERLAND CHRISTMAS",2006,4,4.99,111,19.99,PG,Sci-Fi
986,"WONKA SEA",2006,6,2.99,85,24.99,NC-17,Animation
987,"WORDS HUNTER",2006,3,2.99,116,13.99,PG,Music
988,"WORKER TARZAN",2006,7,2.99,139,26.99,R,Travel
989,"WORKING MICROCOSMOS",2006,4,4.99,74,22.99,R,Travel
990,"WORLD LEATHERNECKS",2006,3,0.99,171,13.99,PG-13,Horror
991,"WORST BANGER",2006,4,2.99,185,26.99,PG,Action
992,"WRATH MILE",2006,5,0.99,176,17.99,NC-17,Documentary
993,"WRONG BEHAVIOR",2006,6,2.99,178,10.99,PG-13,Children
994,"WYOMING STORM",2006,6,4.99,100,29.99,PG-13,New
995,"YENTL IDAHO",2006,5,4.99,86,11.99,R,Horror
996,"YOUNG LANGUAGE",2006,6,0.99,183,9.99,G,Documentary
997,"YOUTH KICK",2006,4,0.99,179,14.99,NC-17,Music
998,"ZHIVAGO CORE",2006,6,0.99,105,10.99,NC-17,Horror
999,"ZOOLANDER FICTION",2006,5,2.99,101,28.99,R,Children
1000,"ZORRO ARK",2006,3,4.99,50,18.99,NC-17,Comedy
